<?xml version="1.0" encoding="UTF-8" ?><mappings><item.title>Name of patient: {Oswego/Name}.</item.title> <item.description>Illness: {Oswego/ILL}</item.description> <geo.location>{geoLocation(Oswego/Address)}</geo.location> <geo.longitude>{geoLongitude(Oswego/Address)}</geo.longitude> <geo.latitude>{geoLatitude(Oswego/Address)}</geo.latitude> <patient.ill>{Oswego/ILL}</patient.ill> <patient.dateOnset>{Oswego/DateOnset}</patient.dateOnset> <patient.endDate>1940-4-20 11:59:00 PM</patient.endDate></mappings>