<project name="smslib4j.libraries">

	<available file="${log4j.jar}" type="file" property="log4j.jar.present" />
	<fail message="${log4j.jar} doesn't exist! see build.properties file" unless="log4j.jar.present" />

	<available file="${comm.jar}"  type="file" property="comm.jar.present" />
	<fail message="${comm.jar} doesn't exist! see build.properties file" unless="comm.jar.present" />

	<available file="${commonsnet.jar}"  type="file" property="commonsnet.jar.present" />
	<fail message="${commonsnet.jar} doesn't exist! see build.properties file" unless="commonsnet.jar.present" />

	<available file="${javamail.jar}"  type="file" property="javamail.jar.present" />
	<fail message="${javamail.jar} doesn't exist! see build.properties file" unless="javamail.jar.present" />

	<!-- No check for junit. Nearly no-one runs test cases on its own -->
	
	<path id="compile.classpath">
		<pathelement location="${comm.jar}" />
		<pathelement location="${log4j.jar}" />
		<pathelement location="${commonsnet.jar}" />
		<pathelement location="${javamail.jar}" />
		<pathelement location="${junit.jar}" />
	</path>

</project>
